model,accuracy,precision_macro,recall_macro,f1_macro
Support Vector Machine,0.89388,0.8942822572604974,0.8934757246854267,0.8937216495089022
Logistic Regression,0.8834,0.8836159084726726,0.8830701845745774,0.8832536982044419
Naive Bayes,0.87264,0.8741394054177424,0.8718332905954473,0.8722686381302738
